selected_agent,Regret
Alpha-Beta,10.434782608695652
MAST,12.333333358168602
MC-GRAVE,9.199999999999998
Progressive History,5.428571428571429
UCT,13.5
